{"mean_fit_time":[219.25001895427704,108.82678186893463,110.78389465808868],"std_fit_time":[61.03205120563507,29.554519772529602,32.67151939868927],"mean_score_time":[0.15060782432556152,0.21876263618469238,0.22573542594909668],"std_score_time":[0.05564308166503906,0.09038305282592773,0.1095118522644043],"param_penalty":["l1","l2",null],"param_solver":["saga","saga","saga"],"params":[{"penalty":"l1","solver":"saga"},{"penalty":"l2","solver":"saga"},{"penalty":null,"solver":"saga"}],"split0_test_score":[0.37358490566037733,0.3622641509433962,0.35283018867924526],"split1_test_score":[0.35912129894937916,0.34861509073543456,0.34097421203438394],"mean_test_score":[0.3663531023048783,0.3554396208394154,0.3469022003568146],"std_test_score":[0.0072318033554990835,0.006824530103980819,0.005927988322430661],"rank_test_score":[1,2,3],"split0_train_score":[1.0,1.0,1.0],"split1_train_score":[1.0,1.0,1.0],"mean_train_score":[1.0,1.0,1.0],"std_train_score":[0.0,0.0,0.0]}