Mean Score,Test Score,Best Parameters,True Label,Predicted Label
3.2842936788171414e+26
"[4.895083791930217e+26, 3.3806860447821136e+26, 1.5771111997390924e+26]"
"{'sgdregressor__alpha': 1.0, 'sgdregressor__penalty': 'l2'}"
"[28.01925184 62.11798714 66.55863427 ...  0.          0.
  0.        ]"
"[ 5.10533644e+12  3.09267080e+13 -3.32255163e+13 ...  2.40060266e+13
  1.22674346e+13  3.64841073e+12]"
