Mean Score,Test Score,Best Parameters,True Label,Predicted Label
3.734180849540036e+26
"[3.35583649556412e+26, 4.3637036138563016e+26, 3.483002439199686e+26]"
"{'sgdregressor__alpha': 1.0, 'sgdregressor__penalty': 'elasticnet'}"
"[6.92223915e-310 6.92223915e-310 4.67908860e-310 ... 6.92195487e-310
 6.92195487e-310 6.92195487e-310]"
"[6.92223915e-310 6.92223915e-310 4.67908852e-310 ... 2.22329541e-321
 2.23811738e-321 2.25293935e-321]"
