Mean Score,Test Score,True Label,Predicted Label
0.4086526909261153
0.4083703233988586
[2 2 2 ... 1 1 1]
[2 0 2 ... 0 2 0]
