Mean Score,Test Score,True Label,Predicted Label
0.2443181282465086
0.24413443246670893
[4 4 4 ... 2 2 2]
[4 4 1 ... 4 0 3]
