Mean Score,Test Score,Best Parameters,True Label,Predicted Label
3344.9823888358615
"[5286.412206669457, 5446.307802382258, 2890.107956787016, 2869.2347236586343, 3084.2411658471647, 3636.5912908587015, 3073.7583188381154, 1675.399224646371, 4404.887269929447, 809.4245654312276, 3247.9476994060465, 4594.854064747197, 2538.87342159174, 4131.281197184894, 4373.408463827168, 3584.1511910050785, 2373.6526733486203, 2574.596291959267, 2801.0138490680233, 3809.304088095298, 715.8246705226302, 7602.851475640072, 4916.016184781501, 1672.0242320960406, 1203.5012108619508, 5732.067115054616, 2438.937261094492, 724.1127666755816, 2997.0550607505, 2155.009383072811, 2730.769473200409, 5272.492048565028, 4242.396943141731, 4368.777642166706, 5591.332896409943, 3442.640873611932, 2887.323905836689, 2843.943430064553, 905.7224333157282, 4151.049081289817]"
"{'svr__C': 10, 'svr__epsilon': 0.2, 'svr__kernel': 'rbf', 'svr__shrinking': True}"
"[ 2.33792130e-310  2.22930198e+001  6.57895284e-316 ...  0.00000000e+000
 -6.29483304e-019  0.00000000e+000]"
"[ 2.33792130e-310  5.29525941e+000  6.57895284e-316 ...  7.76615159e+000
 -3.09180587e-017  1.02673250e+001]"
