Mean Score,Test Score,Best Parameters,True Label,Predicted Label
5208.721734438895
"[4358.559054310292, 4433.515684535952, 6834.090464470439]"
{'linearregression__n_jobs': -1}
"[6.92520445e-310 6.92520445e-310 4.68593632e-310 ... 4.68593524e-310
 6.92520445e-310 3.24141336e-011]"
"[ 6.92520445e-310  6.92520445e-310  4.68593637e-310 ... -6.91244536e-019
 -6.91244536e-019 -6.91244536e-019]"
